species_taxid	filename
1280	GCF_000626615.3_ASM62661v3_genomic.fna
217204	GCF_000783435.2_ASM78343v2_genomic.fna
545	GCF_000783445.2_ASM78344v2_genomic.fna
588	GCF_000783455.2_ASM78345v2_genomic.fna
584	GCF_000783465.2_ASM78346v2_genomic.fna
573	GCF_000783515.2_ASM78351v2_genomic.fna
1282	GCF_000783535.2_ASM78353v2_genomic.fna
95486	GCF_000783555.2_ASM78355v2_genomic.fna
584	GCF_000783575.2_ASM78357v2_genomic.fna
584	GCF_000783595.2_ASM78359v2_genomic.fna
615	GCF_000783615.2_ASM78361v2_genomic.fna
644	GCF_000783635.2_ASM78363v2_genomic.fna
2027919	GCF_000783675.2_ASM78367v2_genomic.fna
648	GCF_000783695.2_ASM78369v2_genomic.fna
648	GCF_000783715.2_ASM78371v2_genomic.fna
623	GCF_000783735.2_ASM78373v2_genomic.fna
546	GCF_000783755.2_ASM78375v2_genomic.fna
648	GCF_000783775.2_ASM78377v2_genomic.fna
624	GCF_000783795.2_ASM78379v2_genomic.fna
28901	GCF_000783815.2_ASM78381v2_genomic.fna
158836	GCF_000783835.2_ASM78383v2_genomic.fna
158836	GCF_000783855.2_ASM78385v2_genomic.fna
584	GCF_000783875.2_ASM78387v2_genomic.fna
1134687	GCF_000783895.2_ASM78389v2_genomic.fna
615	GCF_000783915.2_ASM78391v2_genomic.fna
575	GCF_000783935.2_ASM78393v2_genomic.fna
582	GCF_000783955.2_ASM78395v2_genomic.fna
615	GCF_000783975.2_ASM78397v2_genomic.fna
546	GCF_000783995.2_ASM78399v2_genomic.fna
584	GCF_000784015.2_ASM78401v2_genomic.fna
1280	GCF_001018635.2_ASM101863v2_genomic.fna
1280	GCF_001018645.2_ASM101864v2_genomic.fna
1280	GCF_001018655.2_ASM101865v2_genomic.fna
1280	GCF_001018685.2_ASM101868v2_genomic.fna
1280	GCF_001018715.2_ASM101871v2_genomic.fna
1280	GCF_001018725.2_ASM101872v2_genomic.fna
1280	GCF_001018735.2_ASM101873v2_genomic.fna
1280	GCF_001018775.2_ASM101877v2_genomic.fna
1280	GCF_001018795.2_ASM101879v2_genomic.fna
1280	GCF_001018805.2_ASM101880v2_genomic.fna
1280	GCF_001018835.2_ASM101883v2_genomic.fna
1280	GCF_001018845.2_ASM101884v2_genomic.fna
1280	GCF_001018875.2_ASM101887v2_genomic.fna
1280	GCF_001018885.2_ASM101888v2_genomic.fna
1280	GCF_001018905.2_ASM101890v2_genomic.fna
1280	GCF_001018915.2_ASM101891v2_genomic.fna
1280	GCF_001018955.2_ASM101895v2_genomic.fna
1280	GCF_001018965.2_ASM101896v2_genomic.fna
1280	GCF_001018975.2_ASM101897v2_genomic.fna
1280	GCF_001019015.2_ASM101901v2_genomic.fna
1280	GCF_001019035.2_ASM101903v2_genomic.fna
1280	GCF_001019045.2_ASM101904v2_genomic.fna
1280	GCF_001019055.2_ASM101905v2_genomic.fna
1280	GCF_001019065.2_ASM101906v2_genomic.fna
2201033	GCF_001019115.2_ASM101911v2_genomic.fna
1280	GCF_001019125.2_ASM101912v2_genomic.fna
1280	GCF_001019135.2_ASM101913v2_genomic.fna
1280	GCF_001019175.2_ASM101917v2_genomic.fna
1280	GCF_001019195.2_ASM101919v2_genomic.fna
1280	GCF_001019205.2_ASM101920v2_genomic.fna
1280	GCF_001019215.2_ASM101921v2_genomic.fna
1280	GCF_001019255.2_ASM101925v2_genomic.fna
1280	GCF_001019275.2_ASM101927v2_genomic.fna
1280	GCF_001019295.2_ASM101929v2_genomic.fna
1280	GCF_001019305.2_ASM101930v2_genomic.fna
1280	GCF_001019335.2_ASM101933v2_genomic.fna
1280	GCF_001019355.2_ASM101935v2_genomic.fna
1280	GCF_001019375.2_ASM101937v2_genomic.fna
1280	GCF_001019395.2_ASM101939v2_genomic.fna
1280	GCF_001019415.2_ASM101941v2_genomic.fna
1280	GCF_001019435.2_ASM101943v2_genomic.fna
1280	GCF_001019455.2_ASM101945v2_genomic.fna
1280	GCF_001019475.2_ASM101947v2_genomic.fna
1280	GCF_001019485.2_ASM101948v2_genomic.fna
1280	GCF_001019495.2_ASM101949v2_genomic.fna
1280	GCF_001019535.2_ASM101953v2_genomic.fna
1280	GCF_001019555.2_ASM101955v2_genomic.fna
1280	GCF_001019565.2_ASM101956v2_genomic.fna
1280	GCF_001019575.2_ASM101957v2_genomic.fna
1639	GCF_001188025.2_ASM118802v2_genomic.fna
670	GCF_001188035.2_ASM118803v2_genomic.fna
1639	GCF_001188045.2_ASM118804v2_genomic.fna
623	GCF_001188055.2_ASM118805v2_genomic.fna
562	GCF_001188105.2_ASM118810v2_genomic.fna
28901	GCF_001188125.2_ASM118812v2_genomic.fna
670	GCF_001188135.2_ASM118813v2_genomic.fna
28901	GCF_001188155.2_ASM118815v2_genomic.fna
670	GCF_001188185.2_ASM118818v2_genomic.fna
663	GCF_001471275.2_ASM147127v2_genomic.fna
1283	GCF_001471285.2_ASM147128v2_genomic.fna
1352	GCF_001471295.2_ASM147129v2_genomic.fna
672	GCF_001471305.2_ASM147130v2_genomic.fna
287	GCF_001471355.2_ASM147135v2_genomic.fna
624	GCF_001471365.2_ASM147136v2_genomic.fna
674	GCF_001471395.2_ASM147139v2_genomic.fna
672	GCF_001471415.2_ASM147141v2_genomic.fna
287	GCF_001471435.2_ASM147143v2_genomic.fna
666	GCF_001471455.2_ASM147145v2_genomic.fna
672	GCF_001471465.2_ASM147146v2_genomic.fna
670	GCF_001471485.2_ASM147148v2_genomic.fna
1283	GCF_001471515.2_ASM147151v2_genomic.fna
85698	GCF_001471535.2_ASM147153v2_genomic.fna
29388	GCF_001471555.2_ASM147155v2_genomic.fna
669	GCF_001471575.2_ASM147157v2_genomic.fna
666	GCF_001471585.2_ASM147158v2_genomic.fna
1876769	GCF_001471615.2_ASM147161v2_genomic.fna
573	GCF_001471625.2_ASM147162v2_genomic.fna
35703	GCF_001471655.2_ASM147165v2_genomic.fna
1280	GCF_001471675.2_ASM147167v2_genomic.fna
1280	GCF_001471695.2_ASM147169v2_genomic.fna
1280	GCF_001471715.2_ASM147171v2_genomic.fna
1702171	GCF_001471735.2_ASM147173v2_genomic.fna
562	GCF_001471755.2_ASM147175v2_genomic.fna
545	GCF_001471775.2_ASM147177v2_genomic.fna
1292	GCF_001471795.2_ASM147179v2_genomic.fna
562	GCF_001471815.2_ASM147181v2_genomic.fna
573	GCF_001471835.2_ASM147183v2_genomic.fna
470	GCF_001471855.2_ASM147185v2_genomic.fna
1282	GCF_001473265.2_ASM147326v2_genomic.fna
666	GCF_001525525.2_ASM152552v2_genomic.fna
519	GCF_001525545.2_ASM152554v2_genomic.fna
520	GCF_001525555.2_ASM152555v2_genomic.fna
669	GCF_001525585.2_ASM152558v2_genomic.fna
663	GCF_001525595.2_ASM152559v2_genomic.fna
38323	GCF_001525625.2_ASM152562v2_genomic.fna
573	GCF_001534855.2_ASM153485v2_genomic.fna
673	GCF_001558255.2_ASM155825v2_genomic.fna
29385	GCF_001558275.2_ASM155827v2_genomic.fna
624	GCF_001558295.2_ASM155829v2_genomic.fna
28901	GCF_001558355.2_ASM155835v2_genomic.fna
29385	GCF_001558375.2_ASM155837v2_genomic.fna
520	GCF_001558395.2_ASM155839v2_genomic.fna
676	GCF_001558415.2_ASM155841v2_genomic.fna
669	GCF_001558435.2_ASM155843v2_genomic.fna
674	GCF_001558475.2_ASM155847v2_genomic.fna
670	GCF_001558495.2_ASM155849v2_genomic.fna
672	GCF_001558515.2_ASM155851v2_genomic.fna
470934	GCF_001558735.2_ASM155873v2_genomic.fna
85698	GCF_001558755.2_ASM155875v2_genomic.fna
28035	GCF_001558775.1_ASM155877v1_genomic.fna
1280	GCF_001558795.2_ASM155879v2_genomic.fna
28035	GCF_001558815.2_ASM155881v2_genomic.fna
588	GCF_001558855.2_ASM155885v2_genomic.fna
1353	GCF_001558875.2_ASM155887v2_genomic.fna
582	GCF_001558895.2_ASM155889v2_genomic.fna
85698	GCF_001558915.2_ASM155891v2_genomic.fna
35703	GCF_001558935.2_ASM155893v2_genomic.fna
774	GCF_001559035.2_ASM155903v2_genomic.fna
518	GCF_001559055.2_ASM155905v2_genomic.fna
35703	GCF_001559075.2_ASM155907v2_genomic.fna
1286	GCF_001559115.2_ASM155911v2_genomic.fna
614	GCF_001559135.2_ASM155913v2_genomic.fna
1314	GCF_001559175.2_ASM155917v2_genomic.fna
85698	GCF_001559195.2_ASM155919v2_genomic.fna
548	GCF_001559215.2_ASM155921v2_genomic.fna
1702170	GCF_001559235.2_ASM155923v2_genomic.fna
546367	GCF_001559255.2_ASM155925v2_genomic.fna
562	GCF_001563715.2_ASM156371v2_genomic.fna
548	GCF_001593585.2_ASM159358v2_genomic.fna
480	GCF_002073215.2_ASM207321v2_genomic.fna
487	GCF_002073235.2_ASM207323v2_genomic.fna
747	GCF_002073255.2_ASM207325v2_genomic.fna
487	GCF_002073275.2_ASM207327v2_genomic.fna
747	GCF_002073295.2_ASM207329v2_genomic.fna
1839800	GCF_002073315.2_ASM207331v2_genomic.fna
666	GCF_002073335.2_ASM207333v2_genomic.fna
1338	GCF_002073355.2_ASM207335v2_genomic.fna
1717	GCF_002073375.2_ASM207337v2_genomic.fna
28035	GCF_002073395.2_ASM207339v2_genomic.fna
1839798	GCF_002073415.2_ASM207341v2_genomic.fna
1302	GCF_002073435.2_ASM207343v2_genomic.fna
450	GCF_002073455.2_ASM207345v2_genomic.fna
727	GCF_002073475.2_ASM207347v2_genomic.fna
173	GCF_002073495.2_ASM207349v2_genomic.fna
1335	GCF_002073515.2_ASM207351v2_genomic.fna
485	GCF_002073535.2_ASM207353v2_genomic.fna
487	GCF_002073555.2_ASM207355v2_genomic.fna
487	GCF_002073575.2_ASM207357v2_genomic.fna
487	GCF_002073595.2_ASM207359v2_genomic.fna
485	GCF_002073615.2_ASM207361v2_genomic.fna
147645	GCF_002073635.2_ASM207363v2_genomic.fna
485	GCF_002073655.2_ASM207365v2_genomic.fna
487	GCF_002073675.2_ASM207367v2_genomic.fna
1311	GCF_002073695.2_ASM207369v2_genomic.fna
488	GCF_002073715.2_ASM207371v2_genomic.fna
1496	GCF_002073735.2_ASM207373v2_genomic.fna
57706	GCF_002073755.2_ASM207375v2_genomic.fna
670	GCF_002073775.2_ASM207377v2_genomic.fna
1319	GCF_002073795.2_ASM207379v2_genomic.fna
1839799	GCF_002073815.2_ASM207381v2_genomic.fna
1304	GCF_002073835.2_ASM207383v2_genomic.fna
263	GCF_002082235.2_ASM208223v2_genomic.fna
630	GCF_002082245.2_ASM208224v2_genomic.fna
630	GCF_002082275.2_ASM208227v2_genomic.fna
487	GCF_002082895.2_ASM208289v2_genomic.fna
28082	GCF_002082905.2_ASM208290v2_genomic.fna
1496	GCF_002082945.2_ASM208294v2_genomic.fna
446	GCF_002082955.2_ASM208295v2_genomic.fna
1496	GCF_002082985.2_ASM208298v2_genomic.fna
197	GCF_002082995.2_ASM208299v2_genomic.fna
485	GCF_002083025.2_ASM208302v2_genomic.fna
139	GCF_002083055.2_ASM208305v2_genomic.fna
1314	GCF_002083085.2_ASM208308v2_genomic.fna
520	GCF_002083095.2_ASM208309v2_genomic.fna
732	GCF_002083125.2_ASM208312v2_genomic.fna
1377	GCF_002083135.2_ASM208313v2_genomic.fna
85698	GCF_002083165.2_ASM208316v2_genomic.fna
1309	GCF_002083175.2_ASM208317v2_genomic.fna
747	GCF_002083205.2_ASM208320v2_genomic.fna
747	GCF_002083215.2_ASM208321v2_genomic.fna
747	GCF_002083245.2_ASM208324v2_genomic.fna
747	GCF_002083265.2_ASM208326v2_genomic.fna
630	GCF_002083285.2_ASM208328v2_genomic.fna
630	GCF_002083295.2_ASM208329v2_genomic.fna
584	GCF_002206145.2_ASM220614v2_genomic.fna
158836	GCF_002206155.2_ASM220615v2_genomic.fna
28901	GCF_002206165.2_ASM220616v2_genomic.fna
588	GCF_002206175.2_ASM220617v2_genomic.fna
2702	GCF_002206225.2_ASM220622v2_genomic.fna
1352	GCF_002206235.2_ASM220623v2_genomic.fna
28901	GCF_002206245.2_ASM220624v2_genomic.fna
287	GCF_002206285.2_ASM220628v2_genomic.fna
337	GCF_002206305.2_ASM220630v2_genomic.fna
1351	GCF_002206315.2_ASM220631v2_genomic.fna
823	GCF_002206325.2_ASM220632v2_genomic.fna
569	GCF_002206365.2_ASM220636v2_genomic.fna
618	GCF_002206385.2_ASM220638v2_genomic.fna
1280	GCF_002206395.2_ASM220639v2_genomic.fna
562	GCF_002206405.2_ASM220640v2_genomic.fna
1351	GCF_002206445.2_ASM220644v2_genomic.fna
210	GCF_002206465.2_ASM220646v2_genomic.fna
2052	GCF_002206485.2_ASM220648v2_genomic.fna
28901	GCF_002206495.2_ASM220649v2_genomic.fna
28901	GCF_002206525.2_ASM220652v2_genomic.fna
1351	GCF_002206545.2_ASM220654v2_genomic.fna
1639	GCF_002206565.2_ASM220656v2_genomic.fna
1930558	GCF_002206575.2_ASM220657v2_genomic.fna
730	GCF_002208665.2_ASM220866v2_genomic.fna
72000	GCF_002208685.2_ASM220868v2_genomic.fna
1764	GCF_002208705.2_ASM220870v2_genomic.fna
28132	GCF_002208725.2_ASM220872v2_genomic.fna
380021	GCF_002208745.2_ASM220874v2_genomic.fna
330922	GCF_002208765.2_ASM220876v2_genomic.fna
1392	GCF_002208785.2_ASM220878v2_genomic.fna
170573	GCF_002208805.2_ASM220880v2_genomic.fna
41276	GCF_002208825.2_ASM220882v2_genomic.fna
57706	GCF_002208845.2_ASM220884v2_genomic.fna
562	GCF_002208865.2_ASM220886v2_genomic.fna
40324	GCF_002208885.2_ASM220888v2_genomic.fna
29385	GCF_002208905.2_ASM220890v2_genomic.fna
253	GCF_002208925.2_ASM220892v2_genomic.fna
1351	GCF_002208945.2_ASM220894v2_genomic.fna
28901	GCF_002208965.2_ASM220896v2_genomic.fna
545	GCF_002208985.3_ASM220898v3_genomic.fna
197	GCF_002209005.1_ASM220900v1_genomic.fna
197	GCF_002209025.1_ASM220902v1_genomic.fna
197	GCF_002209045.1_ASM220904v1_genomic.fna
197	GCF_002209065.1_ASM220906v1_genomic.fna
292	GCF_002209085.2_ASM220908v2_genomic.fna
562	GCF_002209105.2_ASM220910v2_genomic.fna
37326	GCF_002209125.2_ASM220912v2_genomic.fna
43674	GCF_002209145.2_ASM220914v2_genomic.fna
1296	GCF_002209165.2_ASM220916v2_genomic.fna
38289	GCF_002209185.2_ASM220918v2_genomic.fna
28901	GCF_002209205.2_ASM220920v2_genomic.fna
28901	GCF_002209225.2_ASM220922v2_genomic.fna
1930557	GCF_002209245.2_ASM220924v2_genomic.fna
29385	GCF_002209265.2_ASM220926v2_genomic.fna
5061	GCF_002211485.2_ASM221148v2_genomic.fna
1117645	GCF_002277995.2_ASM227799v2_genomic.fna
1354	GCF_002278015.2_ASM227801v2_genomic.fna
1975706	GCF_002289235.2_ASM228923v2_genomic.fna
546367	GCF_002313145.2_ASM231314v2_genomic.fna
1975705	GCF_002313155.2_ASM231315v2_genomic.fna
1975707	GCF_002313185.2_ASM231318v2_genomic.fna
28901	GCF_002386165.1_ASM238616v1_genomic.fna
1286	GCF_002386185.1_ASM238618v1_genomic.fna
57975	GCF_002386205.1_ASM238620v1_genomic.fna
573	GCF_002386225.2_ASM238622v2_genomic.fna
1280	GCF_002386245.1_ASM238624v1_genomic.fna
1249	GCF_002386265.1_ASM238626v1_genomic.fna
1302	GCF_002386285.1_ASM238628v1_genomic.fna
582	GCF_002386305.1_ASM238630v1_genomic.fna
28901	GCF_002386325.1_ASM238632v1_genomic.fna
1303	GCF_002386345.1_ASM238634v1_genomic.fna
43675	GCF_002386365.1_ASM238636v1_genomic.fna
67827	GCF_002386385.1_ASM238638v1_genomic.fna
545	GCF_002393245.1_ASM239324v1_genomic.fna
2060307	GCF_002393265.1_ASM239326v1_genomic.fna
562	GCF_002393365.1_ASM239336v1_genomic.fna
747	GCF_002393385.1_ASM239338v1_genomic.fna
61646	GCF_002393405.1_ASM239340v1_genomic.fna
28095	GCF_002393425.1_ASM239342v1_genomic.fna
158822	GCF_002393445.1_ASM239344v1_genomic.fna
562	GCF_002393465.1_ASM239346v1_genomic.fna
329	GCF_002393485.1_ASM239348v1_genomic.fna
126385	GCF_002393505.1_ASM239350v1_genomic.fna
28035	GCF_002407165.1_ASM240716v1_genomic.fna
292	GCF_002407525.3_ASM240752v3_genomic.fna
28095	GCF_002554225.1_ASM255422v1_genomic.fna
1270	GCF_002554275.1_ASM255427v1_genomic.fna
1280	GCF_002554295.1_ASM255429v1_genomic.fna
53345	GCF_002554315.1_ASM255431v1_genomic.fna
562	GCF_002554325.1_ASM255432v1_genomic.fna
1352	GCF_002554355.1_ASM255435v1_genomic.fna
28152	GCF_002554365.1_ASM255436v1_genomic.fna
28095	GCF_002554395.1_ASM255439v1_genomic.fna
636	GCF_002554415.1_ASM255441v1_genomic.fna
32013	GCF_002554425.1_ASM255442v1_genomic.fna
152480	GCF_002554435.1_ASM255443v1_genomic.fna
562	GCF_002554475.1_ASM255447v1_genomic.fna
562	GCF_002554485.1_ASM255448v1_genomic.fna
2018066	GCF_002554515.1_ASM255451v1_genomic.fna
303	GCF_002554535.1_ASM255453v1_genomic.fna
549	GCF_002554555.1_ASM255455v1_genomic.fna
630	GCF_002554625.2_ASM255462v2_genomic.fna
575	GCF_002554635.2_ASM255463v2_genomic.fna
633	GCF_002554645.1_ASM255464v1_genomic.fna
562	GCF_002554675.1_ASM255467v1_genomic.fna
1352	GCF_002557625.1_ASM255762v1_genomic.fna
1639	GCF_002557645.1_ASM255764v1_genomic.fna
197	GCF_002587105.1_ASM258710v1_genomic.fna
573	GCF_002587165.1_ASM258716v1_genomic.fna
197	GCF_002587225.1_ASM258722v1_genomic.fna
573	GCF_002587885.1_ASM258788v1_genomic.fna
562	GCF_002588125.1_ASM258812v1_genomic.fna
562	GCF_002588135.1_ASM258813v1_genomic.fna
1509	GCF_002588205.1_ASM258820v1_genomic.fna
1773	GCF_002588215.1_ASM258821v1_genomic.fna
83655	GCF_002588255.1_ASM258825v1_genomic.fna
582	GCF_002588265.1_ASM258826v1_genomic.fna
571	GCF_002588345.1_ASM258834v1_genomic.fna
575	GCF_002588355.1_ASM258835v1_genomic.fna
573	GCF_002588365.1_ASM258836v1_genomic.fna
562	GCF_002588385.1_ASM258838v1_genomic.fna
303	GCF_002588485.1_ASM258848v1_genomic.fna
61647	GCF_002588535.1_ASM258853v1_genomic.fna
57975	GCF_002588555.1_ASM258855v1_genomic.fna
47917	GCF_002588845.1_ASM258884v1_genomic.fna
562	GCF_002589795.1_ASM258979v1_genomic.fna
573	GCF_002591075.1_ASM259107v1_genomic.fna
29484	GCF_002591095.1_ASM259109v1_genomic.fna
548	GCF_002591115.1_ASM259111v1_genomic.fna
562	GCF_002591135.1_ASM259113v1_genomic.fna
585	GCF_002591155.1_ASM259115v1_genomic.fna
29388	GCF_002591175.1_ASM259117v1_genomic.fna
29484	GCF_002591195.1_ASM259119v1_genomic.fna
28035	GCF_002591215.1_ASM259121v1_genomic.fna
2018067	GCF_002591235.1_ASM259123v1_genomic.fna
36855	GCF_002591255.1_ASM259125v1_genomic.fna
253	GCF_002591275.1_ASM259127v1_genomic.fna
747	GCF_002591295.1_ASM259129v1_genomic.fna
82979	GCF_002591785.1_ASM259178v1_genomic.fna
562	GCF_002634895.1_ASM263489v1_genomic.fna
575	GCF_002635135.1_ASM263513v1_genomic.fna
54291	GCF_002635365.1_ASM263536v1_genomic.fna
573	GCF_002635725.1_ASM263572v1_genomic.fna
573	GCF_002636095.1_ASM263609v1_genomic.fna
573	GCF_002636215.1_ASM263621v1_genomic.fna
573	GCF_002636375.1_ASM263637v1_genomic.fna
573	GCF_002636515.1_ASM263651v1_genomic.fna
1311	GCF_002735265.1_ASM273526v1_genomic.fna
2018065	GCF_002754815.1_ASM275481v1_genomic.fna
33945	GCF_002891025.1_ASM289102v1_genomic.fna
33945	GCF_002891055.1_ASM289105v1_genomic.fna
134537	GCF_002891075.1_ASM289107v1_genomic.fna
57975	GCF_002891095.1_ASM289109v1_genomic.fna
57975	GCF_002891115.1_ASM289111v1_genomic.fna
95486	GCF_002891135.1_ASM289113v1_genomic.fna
57975	GCF_002891155.1_ASM289115v1_genomic.fna
1352	GCF_002891175.1_ASM289117v1_genomic.fna
57975	GCF_002891195.1_ASM289119v1_genomic.fna
548	GCF_002891215.1_ASM289121v1_genomic.fna
69218	GCF_002891235.1_ASM289123v1_genomic.fna
95486	GCF_002891255.1_ASM289125v1_genomic.fna
1352	GCF_002891275.1_ASM289127v1_genomic.fna
76759	GCF_002943995.1_ASM294399v1_genomic.fna
562	GCF_002944935.1_ASM294493v1_genomic.fna
1282	GCF_002944995.1_ASM294499v1_genomic.fna
40324	GCF_002951115.1_ASM295111v1_genomic.fna
93218	GCF_002951195.1_ASM295119v1_genomic.fna
106654	GCF_002951295.1_ASM295129v1_genomic.fna
1117645	GCF_002951395.1_ASM295139v1_genomic.fna
1117645	GCF_002951455.1_ASM295145v1_genomic.fna
47880	GCF_002951475.1_ASM295147v1_genomic.fna
573	GCF_002951635.1_ASM295163v1_genomic.fna
1463165	GCF_002953295.1_ASM295329v1_genomic.fna
50719	GCF_002953335.1_ASM295333v1_genomic.fna
50719	GCF_002953355.1_ASM295335v1_genomic.fna
676	GCF_002953375.1_ASM295337v1_genomic.fna
50719	GCF_002953395.1_ASM295339v1_genomic.fna
663	GCF_002953515.1_ASM295351v1_genomic.fna
663	GCF_002953535.1_ASM295353v1_genomic.fna
663	GCF_002953975.1_ASM295397v1_genomic.fna
1282	GCF_002954055.1_ASM295405v1_genomic.fna
1290	GCF_002954105.1_ASM295410v1_genomic.fna
631	GCF_002983625.1_ASM298362v1_genomic.fna
562	GCF_002983645.1_ASM298364v1_genomic.fna
588	GCF_002983665.1_ASM298366v1_genomic.fna
34105	GCF_002983685.1_ASM298368v1_genomic.fna
210	GCF_002983705.1_ASM298370v1_genomic.fna
197	GCF_002983725.1_ASM298372v1_genomic.fna
1352	GCF_002983785.1_ASM298378v1_genomic.fna
2434	GCF_002983865.1_ASM298386v1_genomic.fna
28901	GCF_002983965.1_ASM298396v1_genomic.fna
28901	GCF_002984035.1_ASM298403v1_genomic.fna
480	GCF_002984125.1_ASM298412v1_genomic.fna
587	GCF_002984195.1_ASM298419v1_genomic.fna
28901	GCF_002984285.1_ASM298428v1_genomic.fna
571	GCF_002984395.1_ASM298439v1_genomic.fna
90245	GCF_002984485.1_ASM298448v1_genomic.fna
29382	GCF_002984565.1_ASM298456v1_genomic.fna
61647	GCF_003019925.1_ASM301992v1_genomic.fna
60552	GCF_003019945.1_ASM301994v1_genomic.fna
87883	GCF_003019965.1_ASM301996v1_genomic.fna
57975	GCF_003020025.1_ASM302002v1_genomic.fna
57975	GCF_003020185.1_ASM302018v1_genomic.fna
1351	GCF_003030425.1_ASM303042v1_genomic.fna
210	GCF_003050665.1_ASM305066v1_genomic.fna
548	GCF_003546885.1_ASM354688v1_genomic.fna
633	GCF_003546905.1_ASM354690v1_genomic.fna
28095	GCF_003613595.1_ASM361359v1_genomic.fna
57975	GCF_003614815.1_ASM361481v1_genomic.fna
57975	GCF_003614835.1_ASM361483v1_genomic.fna
575	GCF_003699975.1_ASM369997v1_genomic.fna
33945	GCF_003711125.1_ASM371112v1_genomic.fna
5661	GCF_003730175.1_ASM373017v1_genomic.fna
5661	GCF_003730215.1_ASM373021v1_genomic.fna
632	GCF_003797205.1_ASM379720v1_genomic.fna
13373	GCF_003797295.1_ASM379729v1_genomic.fna
1750	GCF_003797385.1_ASM379738v1_genomic.fna
263	GCF_003797955.1_ASM379795v1_genomic.fna
13373	GCF_003797995.1_ASM379799v1_genomic.fna
263	GCF_003798025.1_ASM379802v1_genomic.fna
263	GCF_003798065.1_ASM379806v1_genomic.fna
632	GCF_003798085.1_ASM379808v1_genomic.fna
632	GCF_003798205.1_ASM379820v1_genomic.fna
632	GCF_003798225.1_ASM379822v1_genomic.fna
28450	GCF_003798245.1_ASM379824v1_genomic.fna
28450	GCF_003798265.1_ASM379826v1_genomic.fna
633	GCF_003798285.1_ASM379828v1_genomic.fna
633	GCF_003798305.1_ASM379830v1_genomic.fna
556499	GCF_003798325.1_ASM379832v1_genomic.fna
632	GCF_003798345.1_ASM379834v1_genomic.fna
28450	GCF_003798365.1_ASM379836v1_genomic.fna
633	GCF_003798385.1_ASM379838v1_genomic.fna
633	GCF_003798405.1_ASM379840v1_genomic.fna
633	GCF_003798425.1_ASM379842v1_genomic.fna
633	GCF_003798445.1_ASM379844v1_genomic.fna
1747	GCF_003798465.1_ASM379846v1_genomic.fna
470	GCF_003812065.1_ASM381206v1_genomic.fna
573	GCF_003812085.1_ASM381208v1_genomic.fna
573	GCF_003812105.1_ASM381210v1_genomic.fna
2576356	GCF_003812125.1_ASM381212v1_genomic.fna
1812935	GCF_003812145.1_ASM381214v1_genomic.fna
287	GCF_003812165.1_ASM381216v1_genomic.fna
548	GCF_003812185.1_ASM381218v1_genomic.fna
2420305	GCF_003812205.1_ASM381220v1_genomic.fna
2420301	GCF_003812225.1_ASM381222v1_genomic.fna
2420300	GCF_003812245.1_ASM381224v1_genomic.fna
2420313	GCF_003812305.1_ASM381230v1_genomic.fna
546	GCF_003812325.1_ASM381232v1_genomic.fna
546	GCF_003812345.1_ASM381234v1_genomic.fna
87883	GCF_003812365.1_ASM381236v1_genomic.fna
470	GCF_003812385.1_ASM381238v1_genomic.fna
545	GCF_003812405.1_ASM381240v1_genomic.fna
1282	GCF_003812425.1_ASM381242v1_genomic.fna
2420310	GCF_003812445.1_ASM381244v1_genomic.fna
2420309	GCF_003812465.1_ASM381246v1_genomic.fna
1290	GCF_003812505.1_ASM381250v1_genomic.fna
585	GCF_003812525.1_ASM381252v1_genomic.fna
1639	GCF_003812545.1_ASM381254v1_genomic.fna
1639	GCF_003812565.1_ASM381256v1_genomic.fna
87883	GCF_003812585.1_ASM381258v1_genomic.fna
253	GCF_003812605.1_ASM381260v1_genomic.fna
562	GCF_003812625.1_ASM381262v1_genomic.fna
1314	GCF_003812645.1_ASM381264v1_genomic.fna
1351	GCF_003812665.1_ASM381266v1_genomic.fna
2420308	GCF_003812685.1_ASM381268v1_genomic.fna
651561	GCF_003812705.1_ASM381270v1_genomic.fna
1314	GCF_003812725.1_ASM381272v1_genomic.fna
2420306	GCF_003812745.1_ASM381274v1_genomic.fna
2702	GCF_003812765.1_ASM381276v1_genomic.fna
1747	GCF_003812785.1_ASM381278v1_genomic.fna
1311	GCF_003812805.1_ASM381280v1_genomic.fna
859	GCF_003812825.1_ASM381282v1_genomic.fna
2488567	GCF_003812845.1_ASM381284v1_genomic.fna
253	GCF_003812865.1_ASM381286v1_genomic.fna
287	GCF_003812885.1_ASM381288v1_genomic.fna
287	GCF_003812905.1_ASM381290v1_genomic.fna
571	GCF_003812925.1_ASM381292v1_genomic.fna
562	GCF_003812945.1_ASM381294v1_genomic.fna
87883	GCF_003812965.1_ASM381296v1_genomic.fna
40324	GCF_003812985.1_ASM381298v1_genomic.fna
287	GCF_003813005.1_ASM381300v1_genomic.fna
287	GCF_003813025.1_ASM381302v1_genomic.fna
152500	GCF_003813045.1_ASM381304v1_genomic.fna
1685	GCF_003813065.1_ASM381306v1_genomic.fna
511	GCF_003813085.1_ASM381308v1_genomic.fna
1280	GCF_003827915.1_ASM382791v1_genomic.fna
28450	GCF_003852635.1_ASM385263v1_genomic.fna
82633	GCF_003854935.1_ASM385493v1_genomic.fna
624	GCF_003855115.1_ASM385511v1_genomic.fna
623	GCF_003855135.1_ASM385513v1_genomic.fna
13373	GCF_003933015.1_ASM393301v1_genomic.fna
13373	GCF_003933025.1_ASM393302v1_genomic.fna
13373	GCF_003933035.1_ASM393303v1_genomic.fna
13373	GCF_003933045.1_ASM393304v1_genomic.fna
2420312	GCF_003937665.1_ASM393766v1_genomic.fna
562	GCF_003937705.1_ASM393770v1_genomic.fna
518	GCF_003937715.1_ASM393771v1_genomic.fna
1280	GCF_003937725.1_ASM393772v1_genomic.fna
562	GCF_003937765.1_ASM393776v1_genomic.fna
2420303	GCF_003937785.1_ASM393778v1_genomic.fna
562	GCF_003938635.1_ASM393863v1_genomic.fna
95486	GCF_003938685.1_ASM393868v1_genomic.fna
95486	GCF_003938695.1_ASM393869v1_genomic.fna
87883	GCF_003938705.1_ASM393870v1_genomic.fna
33033	GCF_003938725.1_ASM393872v1_genomic.fna
518	GCF_003938745.1_ASM393874v1_genomic.fna
545	GCF_003938785.1_ASM393878v1_genomic.fna
35703	GCF_003938795.1_ASM393879v1_genomic.fna
287	GCF_003938805.1_ASM393880v1_genomic.fna
1280	GCF_003938815.1_ASM393881v1_genomic.fna
2420307	GCF_003938865.1_ASM393886v1_genomic.fna
562	GCF_003938885.1_ASM393888v1_genomic.fna
29430	GCF_003938895.1_ASM393889v1_genomic.fna
2420302	GCF_003938905.1_ASM393890v1_genomic.fna
2420311	GCF_003938925.1_ASM393892v1_genomic.fna
303	GCF_003938945.1_ASM393894v1_genomic.fna
1409	GCF_003938985.1_ASM393898v1_genomic.fna
40324	GCF_003938995.1_ASM393899v1_genomic.fna
573	GCF_003940465.1_ASM394046v1_genomic.fna
2420304	GCF_003940475.1_ASM394047v1_genomic.fna
95486	GCF_003940705.1_ASM394070v1_genomic.fna
562	GCF_003940725.1_ASM394072v1_genomic.fna
263	GCF_003955775.1_ASM395577v1_genomic.fna
263	GCF_003955795.1_ASM395579v1_genomic.fna
263	GCF_003955815.1_ASM395581v1_genomic.fna
38289	GCF_003955985.1_ASM395598v1_genomic.fna
1283	GCF_003956005.1_ASM395600v1_genomic.fna
29382	GCF_003956025.1_ASM395602v1_genomic.fna
1639	GCF_006364035.1_ASM636403v1_genomic.fna
1314	GCF_006364235.1_ASM636423v1_genomic.fna
573	GCF_006364295.1_ASM636429v1_genomic.fna
29494	GCF_006364355.1_ASM636435v1_genomic.fna
1423	GCF_006364495.1_ASM636449v1_genomic.fna
446	GCF_006364635.1_ASM636463v1_genomic.fna
1639	GCF_006364655.1_ASM636465v1_genomic.fna
1280	GCF_006364675.1_ASM636467v1_genomic.fna
562	GCF_006364695.1_ASM636469v1_genomic.fna
287	GCF_006364735.1_ASM636473v1_genomic.fna
28901	GCF_006364755.1_ASM636475v1_genomic.fna
1280	GCF_006364775.1_ASM636477v1_genomic.fna
287	GCF_006364795.1_ASM636479v1_genomic.fna
1351	GCF_006364815.1_ASM636481v1_genomic.fna
28901	GCF_006365335.1_ASM636533v1_genomic.fna
624	GCF_006370445.1_ASM637044v1_genomic.fna
562	GCF_006370475.1_ASM637047v1_genomic.fna
1280	GCF_006370485.1_ASM637048v1_genomic.fna
28901	GCF_006370495.1_ASM637049v1_genomic.fna
33945	GCF_007273495.1_ASM727349v1_genomic.fna
33945	GCF_007273515.1_ASM727351v1_genomic.fna
1397	GCF_007273535.1_ASM727353v1_genomic.fna
633	GCF_008693365.1_ASM869336v1_genomic.fna
82633	GCF_008693385.1_ASM869338v1_genomic.fna
573	GCF_008693405.1_ASM869340v1_genomic.fna
573	GCF_008693425.1_ASM869342v1_genomic.fna
573	GCF_008693445.1_ASM869344v1_genomic.fna
244366	GCF_008693465.1_ASM869346v1_genomic.fna
87883	GCF_008693485.1_ASM869348v1_genomic.fna
1311	GCF_008693505.1_ASM869350v1_genomic.fna
87883	GCF_008693525.1_ASM869352v1_genomic.fna
103855	GCF_008693545.1_ASM869354v1_genomic.fna
1134687	GCF_008693565.1_ASM869356v1_genomic.fna
1311	GCF_008693585.1_ASM869358v1_genomic.fna
1639133	GCF_008693605.1_ASM869360v1_genomic.fna
670	GCF_008693625.1_ASM869362v1_genomic.fna
67827	GCF_008693645.1_ASM869364v1_genomic.fna
518	GCF_008693665.1_ASM869366v1_genomic.fna
672	GCF_008693685.1_ASM869368v1_genomic.fna
654	GCF_008693705.1_ASM869370v1_genomic.fna
1334	GCF_008693725.1_ASM869372v1_genomic.fna
670	GCF_008693745.1_ASM869374v1_genomic.fna
1280	GCF_008693765.1_ASM869376v1_genomic.fna
207340	GCF_008693785.1_ASM869378v1_genomic.fna
588	GCF_008693805.1_ASM869380v1_genomic.fna
47885	GCF_008693825.1_ASM869382v1_genomic.fna
747	GCF_008693845.1_ASM869384v1_genomic.fna
147645	GCF_008693865.1_ASM869386v1_genomic.fna
548	GCF_008693885.1_ASM869388v1_genomic.fna
158836	GCF_008693905.1_ASM869390v1_genomic.fna
1630135	GCF_008693925.1_ASM869392v1_genomic.fna
545	GCF_008693945.1_ASM869394v1_genomic.fna
47886	GCF_008693965.1_ASM869396v1_genomic.fna
40324	GCF_008693985.1_ASM869398v1_genomic.fna
1314	GCF_008694005.1_ASM869400v1_genomic.fna
28901	GCF_009729895.1_ASM972989v1_genomic.fna
28901	GCF_009729915.1_ASM972991v1_genomic.fna
28901	GCF_009729935.1_ASM972993v1_genomic.fna
28901	GCF_009729955.1_ASM972995v1_genomic.fna
28901	GCF_009729975.1_ASM972997v1_genomic.fna
624	GCF_009729995.1_ASM972999v1_genomic.fna
28901	GCF_009730015.1_ASM973001v1_genomic.fna
87883	GCF_009730035.1_ASM973003v1_genomic.fna
631	GCF_009730055.1_ASM973005v1_genomic.fna
631	GCF_009730075.1_ASM973007v1_genomic.fna
28090	GCF_009730095.1_ASM973009v1_genomic.fna
1290	GCF_009730115.1_ASM973011v1_genomic.fna
1290	GCF_009730135.1_ASM973013v1_genomic.fna
1353	GCF_009730155.1_ASM973015v1_genomic.fna
87883	GCF_009730175.1_ASM973017v1_genomic.fna
87883	GCF_009730195.1_ASM973019v1_genomic.fna
1773	GCF_009730215.1_ASM973021v1_genomic.fna
1773	GCF_009730235.1_ASM973023v1_genomic.fna
109790	GCF_009730255.1_ASM973025v1_genomic.fna
47770	GCF_009730275.1_ASM973027v1_genomic.fna
84135	GCF_009730295.1_ASM973029v1_genomic.fna
29391	GCF_009730315.1_ASM973031v1_genomic.fna
1660	GCF_009730335.1_ASM973033v1_genomic.fna
1639133	GCF_009730355.1_ASM973035v1_genomic.fna
2545799	GCF_009730375.1_ASM973037v1_genomic.fna
195	GCF_009730395.1_ASM973039v1_genomic.fna
1270	GCF_009730415.1_ASM973041v1_genomic.fna
2054	GCF_009730435.1_ASM973043v1_genomic.fna
119219	GCF_009730455.1_ASM973045v1_genomic.fna
1725	GCF_009730475.1_ASM973047v1_genomic.fna
1496	GCF_009730495.1_ASM973049v1_genomic.fna
28037	GCF_009730515.1_ASM973051v1_genomic.fna
1302	GCF_009730535.1_ASM973053v1_genomic.fna
150056	GCF_009730555.1_ASM973055v1_genomic.fna
24	GCF_009730575.1_ASM973057v1_genomic.fna
1377	GCF_009732965.1_ASM973296v1_genomic.fna
28116	GCF_009734165.1_ASM973416v1_genomic.fna
1392	GCF_009806595.1_ASM980659v1_genomic.fna
1392	GCF_009806615.1_ASM980661v1_genomic.fna
1392	GCF_009806635.1_ASM980663v1_genomic.fna
1392	GCF_009806655.1_ASM980665v1_genomic.fna
1392	GCF_009806675.1_ASM980667v1_genomic.fna
1392	GCF_009806695.1_ASM980669v1_genomic.fna
1463165	GCF_012241635.1_ASM1224163v1_genomic.fna
87883	GCF_012272655.1_ASM1227265v1_genomic.fna
648995	GCF_012272675.1_ASM1227267v1_genomic.fna
823	GCF_012273055.1_ASM1227305v1_genomic.fna
244366	GCF_012273075.1_ASM1227307v1_genomic.fna
315405	GCF_012273095.1_ASM1227309v1_genomic.fna
615	GCF_012273115.1_ASM1227311v1_genomic.fna
253	GCF_012273135.1_ASM1227313v1_genomic.fna
1309	GCF_012273155.1_ASM1227315v1_genomic.fna
827	GCF_012273175.1_ASM1227317v1_genomic.fna
1531	GCF_012273195.1_ASM1227319v1_genomic.fna
1379	GCF_012273215.1_ASM1227321v1_genomic.fna
2545798	GCF_012273235.1_ASM1227323v1_genomic.fna
518	GCF_012273255.1_ASM1227325v1_genomic.fna
28901	GCF_012273275.1_ASM1227327v1_genomic.fna
703	GCF_012273295.1_ASM1227329v1_genomic.fna
1392	GCF_012273315.1_ASM1227331v1_genomic.fna
1392	GCF_012273335.1_ASM1227333v1_genomic.fna
1392	GCF_012273355.1_ASM1227335v1_genomic.fna
1392	GCF_012273375.1_ASM1227337v1_genomic.fna
36809	GCF_012273395.1_ASM1227339v1_genomic.fna
95486	GCF_012273415.1_ASM1227341v1_genomic.fna
1290	GCF_012273435.1_ASM1227343v1_genomic.fna
623	GCF_012273455.1_ASM1227345v1_genomic.fna
28901	GCF_012273475.1_ASM1227347v1_genomic.fna
536	GCF_012273555.1_ASM1227355v1_genomic.fna
1324352	GCF_012273615.1_ASM1227361v1_genomic.fna
4932	GCF_012275245.1_ASM1227524v1_genomic.fna
28090	GCF_012393445.1_ASM1239344v1_genomic.fna
244366	GCF_012393465.1_ASM1239346v1_genomic.fna
648995	GCF_013267135.1_ASM1326713v1_genomic.fna
57706	GCF_013267145.1_ASM1326714v1_genomic.fna
648995	GCF_013267155.1_ASM1326715v1_genomic.fna
1396	GCF_013267235.1_ASM1326723v1_genomic.fna
1396	GCF_013267255.1_ASM1326725v1_genomic.fna
1396	GCF_013267275.1_ASM1326727v1_genomic.fna
1428	GCF_013267295.1_ASM1326729v1_genomic.fna
1428	GCF_013267315.1_ASM1326731v1_genomic.fna
1428	GCF_013267335.1_ASM1326733v1_genomic.fna
1353889	GCF_013267355.1_ASM1326735v1_genomic.fna
32002	GCF_013267375.1_ASM1326737v1_genomic.fna
32002	GCF_013267395.1_ASM1326739v1_genomic.fna
46125	GCF_013267415.1_ASM1326741v1_genomic.fna
1397	GCF_013267435.1_ASM1326743v1_genomic.fna
1396	GCF_013267455.1_ASM1326745v1_genomic.fna
1396	GCF_013267475.1_ASM1326747v1_genomic.fna
1304	GCF_013267495.1_ASM1326749v1_genomic.fna
1338	GCF_013267515.1_ASM1326751v1_genomic.fna
1260	GCF_013267535.1_ASM1326753v1_genomic.fna
817	GCF_013267555.1_ASM1326755v1_genomic.fna
1290	GCF_013267575.1_ASM1326757v1_genomic.fna
28132	GCF_013267595.1_ASM1326759v1_genomic.fna
823	GCF_013267615.1_ASM1326761v1_genomic.fna
1773	GCF_013267635.1_ASM1326763v1_genomic.fna
1773	GCF_013267655.1_ASM1326765v1_genomic.fna
29388	GCF_013267675.1_ASM1326767v1_genomic.fna
315405	GCF_013267695.1_ASM1326769v1_genomic.fna
1292	GCF_013267715.1_ASM1326771v1_genomic.fna
2047	GCF_013267735.1_ASM1326773v1_genomic.fna
1396	GCF_013267775.1_ASM1326777v1_genomic.fna
1428	GCF_013267795.1_ASM1326779v1_genomic.fna
1428	GCF_013267815.1_ASM1326781v1_genomic.fna
488	GCF_013267835.1_ASM1326783v1_genomic.fna
2026188	GCF_013331815.1_ASM1333181v1_genomic.fna
1290	GCF_013343025.1_ASM1334302v1_genomic.fna
1428	GCF_013343075.1_ASM1334307v1_genomic.fna
32002	GCF_013343095.1_ASM1334309v1_genomic.fna
1305	GCF_013343115.1_ASM1334311v1_genomic.fna
85698	GCF_013343135.1_ASM1334313v1_genomic.fna
2545800	GCF_013343155.1_ASM1334315v1_genomic.fna
1428	GCF_013346845.1_ASM1334684v1_genomic.fna
82541	GCF_013347325.1_ASM1334732v1_genomic.fna
95486	GCF_013349105.1_ASM1334910v1_genomic.fna
28090	GCF_013349125.1_ASM1334912v1_genomic.fna
1772	GCF_013349145.1_ASM1334914v1_genomic.fna
1392	GCF_013349165.1_ASM1334916v1_genomic.fna
1392	GCF_013349185.1_ASM1334918v1_genomic.fna
28090	GCF_013349205.1_ASM1334920v1_genomic.fna
29382	GCF_013349225.1_ASM1334922v1_genomic.fna
1392	GCF_013349245.1_ASM1334924v1_genomic.fna
1428	GCF_013364055.1_ASM1336405v1_genomic.fna
623	GCF_013364115.1_ASM1336411v1_genomic.fna
553	GCF_013364135.1_ASM1336413v1_genomic.fna
1290	GCF_013364435.1_ASM1336443v1_genomic.fna
623	GCF_013364455.1_ASM1336445v1_genomic.fna
2545797	GCF_013364475.1_ASM1336447v1_genomic.fna
28901	GCF_013364495.1_ASM1336449v1_genomic.fna
28901	GCF_013364515.1_ASM1336451v1_genomic.fna
623	GCF_013367795.1_ASM1336779v1_genomic.fna
623	GCF_013367815.1_ASM1336781v1_genomic.fna
28901	GCF_013367835.1_ASM1336783v1_genomic.fna
623	GCF_013391325.1_ASM1339132v1_genomic.fna
623	GCF_013391345.1_ASM1339134v1_genomic.fna
5480	GCF_014049445.1_ASM1404944v1_genomic.fna
5480	GCF_014049455.1_ASM1404945v1_genomic.fna
5476	GCF_014049485.1_ASM1404948v1_genomic.fna
5480	GCF_014049495.1_ASM1404949v1_genomic.fna
5480	GCF_014049585.1_ASM1404958v1_genomic.fna
28080	GCF_014068875.1_ASM1406887v1_genomic.fna
40216	GCF_014069095.1_ASM1406909v1_genomic.fna
36911	GCF_014636115.1_ASM1463611v1_genomic.fna
43767	GCF_016025875.1_ASM1602587v1_genomic.fna
28095	GCF_016026015.1_ASM1602601v1_genomic.fna
714	GCF_016026035.1_ASM1602603v1_genomic.fna
337	GCF_016026055.1_ASM1602605v1_genomic.fna
1643	GCF_016026175.1_ASM1602617v1_genomic.fna
562	GCF_016026195.1_ASM1602619v1_genomic.fna
562	GCF_016026215.1_ASM1602621v1_genomic.fna
562	GCF_016026235.1_ASM1602623v1_genomic.fna
562	GCF_016026335.1_ASM1602633v1_genomic.fna
562	GCF_016026355.1_ASM1602635v1_genomic.fna
562	GCF_016026375.1_ASM1602637v1_genomic.fna
93378	GCF_016026395.1_ASM1602639v1_genomic.fna
43765	GCF_016026415.1_ASM1602641v1_genomic.fna
80866	GCF_016026535.1_ASM1602653v1_genomic.fna
33889	GCF_016026555.1_ASM1602655v1_genomic.fna
82135	GCF_016026575.1_ASM1602657v1_genomic.fna
33889	GCF_016026595.1_ASM1602659v1_genomic.fna
656	GCF_016026615.1_ASM1602661v1_genomic.fna
283734	GCF_016026635.1_ASM1602663v1_genomic.fna
1502	GCF_016026675.1_ASM1602667v1_genomic.fna
1363	GCF_016026695.1_ASM1602669v1_genomic.fna
28901	GCF_016026715.1_ASM1602671v1_genomic.fna
61652	GCF_016026735.1_ASM1602673v1_genomic.fna
33935	GCF_016026755.1_ASM1602675v1_genomic.fna
1402	GCF_016026835.1_ASM1602683v1_genomic.fna
2026188	GCF_016026855.1_ASM1602685v1_genomic.fna
644	GCF_016026875.1_ASM1602687v1_genomic.fna
487	GCF_016026895.1_ASM1602689v1_genomic.fna
1282	GCF_016026915.1_ASM1602691v1_genomic.fna
1376	GCF_016026975.1_ASM1602697v1_genomic.fna
1502	GCF_016026995.1_ASM1602699v1_genomic.fna
1396	GCF_016027015.1_ASM1602701v1_genomic.fna
85698	GCF_016027035.1_ASM1602703v1_genomic.fna
40214	GCF_016027055.1_ASM1602705v1_genomic.fna
80866	GCF_016027075.1_ASM1602707v1_genomic.fna
13689	GCF_016027095.1_ASM1602709v1_genomic.fna
82996	GCF_016027115.1_ASM1602711v1_genomic.fna
1547	GCF_016027135.1_ASM1602713v1_genomic.fna
1502	GCF_016027155.1_ASM1602715v1_genomic.fna
1502	GCF_016027375.1_ASM1602737v1_genomic.fna
33889	GCF_016027415.1_ASM1602741v1_genomic.fna
342113	GCF_016027435.1_ASM1602743v1_genomic.fna
430531	GCF_016027455.1_ASM1602745v1_genomic.fna
2026188	GCF_016027575.1_ASM1602757v1_genomic.fna
82996	GCF_016027595.1_ASM1602759v1_genomic.fna
38301	GCF_016027615.1_ASM1602761v1_genomic.fna
82996	GCF_016027675.1_ASM1602767v1_genomic.fna
61645	GCF_016027695.1_ASM1602769v1_genomic.fna
1363	GCF_016027715.1_ASM1602771v1_genomic.fna
80866	GCF_016027775.1_ASM1602777v1_genomic.fna
558537	GCF_016027815.1_ASM1602781v1_genomic.fna
82996	GCF_016027835.1_ASM1602783v1_genomic.fna
565	GCF_016027855.1_ASM1602785v1_genomic.fna
1358	GCF_016027975.1_ASM1602797v1_genomic.fna
1303	GCF_016028175.1_ASM1602817v1_genomic.fna
246432	GCF_016028235.1_ASM1602823v1_genomic.fna
1303	GCF_016028255.1_ASM1602825v1_genomic.fna
1281	GCF_016028275.1_ASM1602827v1_genomic.fna
29379	GCF_016028295.1_ASM1602829v1_genomic.fna
13689	GCF_016028435.1_ASM1602843v1_genomic.fna
61652	GCF_016028475.1_ASM1602847v1_genomic.fna
28901	GCF_016028495.1_ASM1602849v1_genomic.fna
316	GCF_016028515.1_ASM1602851v1_genomic.fna
316	GCF_016028635.1_ASM1602863v1_genomic.fna
316	GCF_016028655.1_ASM1602865v1_genomic.fna
102862	GCF_016028675.1_ASM1602867v1_genomic.fna
1255	GCF_016028695.1_ASM1602869v1_genomic.fna
483	GCF_016028715.1_ASM1602871v1_genomic.fna
90244	GCF_016028735.1_ASM1602873v1_genomic.fna
34062	GCF_016028755.1_ASM1602875v1_genomic.fna
478	GCF_016028775.1_ASM1602877v1_genomic.fna
69966	GCF_016028795.1_ASM1602879v1_genomic.fna
1358	GCF_016028815.1_ASM1602881v1_genomic.fna
1358	GCF_016028835.1_ASM1602883v1_genomic.fna
37923	GCF_016028855.1_ASM1602885v1_genomic.fna
28141	GCF_016103025.1_ASM1610302v1_genomic.fna
1642	GCF_016103035.1_ASM1610303v1_genomic.fna
569	GCF_016103045.1_ASM1610304v1_genomic.fna
41899	GCF_016103125.1_ASM1610312v1_genomic.fna
342113	GCF_016103145.1_ASM1610314v1_genomic.fna
818	GCF_016103195.1_ASM1610319v1_genomic.fna
818	GCF_016117715.1_ASM1611771v1_genomic.fna
1502	GCF_016117735.1_ASM1611773v1_genomic.fna
1405	GCF_016117755.1_ASM1611775v1_genomic.fna
1396	GCF_016117775.1_ASM1611777v1_genomic.fna
470	GCF_016117795.1_ASM1611779v1_genomic.fna
820	GCF_016117815.1_ASM1611781v1_genomic.fna
28901	GCF_016117835.1_ASM1611783v1_genomic.fna
38301	GCF_016126915.1_ASM1612691v1_genomic.fna
40324	GCF_016126935.1_ASM1612693v1_genomic.fna
287	GCF_016126955.1_ASM1612695v1_genomic.fna
1255	GCF_016126975.1_ASM1612697v1_genomic.fna
562	GCF_016126995.1_ASM1612699v1_genomic.fna
38304	GCF_016127015.1_ASM1612701v1_genomic.fna
33968	GCF_016127035.1_ASM1612703v1_genomic.fna
46127	GCF_016127055.1_ASM1612705v1_genomic.fna
69966	GCF_016127075.1_ASM1612707v1_genomic.fna
43771	GCF_016127095.1_ASM1612709v1_genomic.fna
739	GCF_016127115.1_ASM1612711v1_genomic.fna
1358	GCF_016127135.1_ASM1612713v1_genomic.fna
33889	GCF_016127155.1_ASM1612715v1_genomic.fna
29466	GCF_016127175.1_ASM1612717v1_genomic.fna
650	GCF_016127195.1_ASM1612719v1_genomic.fna
729	GCF_016127215.1_ASM1612721v1_genomic.fna
1354	GCF_016127235.1_ASM1612723v1_genomic.fna
33968	GCF_016127255.1_ASM1612725v1_genomic.fna
102684	GCF_016127275.1_ASM1612727v1_genomic.fna
1245	GCF_016127295.1_ASM1612729v1_genomic.fna
1353891	GCF_016127315.1_ASM1612731v1_genomic.fna
283734	GCF_016127335.1_ASM1612733v1_genomic.fna
502	GCF_016127355.1_ASM1612735v1_genomic.fna
1363	GCF_016127375.1_ASM1612737v1_genomic.fna
39791	GCF_016127395.1_ASM1612739v1_genomic.fna
80866	GCF_016127415.1_ASM1612741v1_genomic.fna
28901	GCF_016127435.1_ASM1612743v1_genomic.fna
246432	GCF_016127455.1_ASM1612745v1_genomic.fna
33037	GCF_016127475.1_ASM1612747v1_genomic.fna
1276	GCF_016127495.1_ASM1612749v1_genomic.fna
470	GCF_016127515.1_ASM1612751v1_genomic.fna
1304	GCF_016127535.1_ASM1612753v1_genomic.fna
1303	GCF_016127555.1_ASM1612755v1_genomic.fna
106590	GCF_016127575.1_ASM1612757v1_genomic.fna
285729	GCF_016127595.1_ASM1612759v1_genomic.fna
43765	GCF_016127615.1_ASM1612761v1_genomic.fna
37734	GCF_016127635.1_ASM1612763v1_genomic.fna
293	GCF_016127655.1_ASM1612765v1_genomic.fna
195	GCF_016127675.1_ASM1612767v1_genomic.fna
562	GCF_016127695.1_ASM1612769v1_genomic.fna
33028	GCF_016127715.1_ASM1612771v1_genomic.fna
1303	GCF_016127735.1_ASM1612773v1_genomic.fna
152480	GCF_016127755.1_ASM1612775v1_genomic.fna
1255	GCF_016127775.1_ASM1612777v1_genomic.fna
316	GCF_016127795.1_ASM1612779v1_genomic.fna
1254	GCF_016127815.1_ASM1612781v1_genomic.fna
28901	GCF_016127835.1_ASM1612783v1_genomic.fna
1655	GCF_016127855.1_ASM1612785v1_genomic.fna
76860	GCF_016127875.1_ASM1612787v1_genomic.fna
478	GCF_016127895.1_ASM1612789v1_genomic.fna
1303	GCF_016127915.1_ASM1612791v1_genomic.fna
170573	GCF_016127935.1_ASM1612793v1_genomic.fna
544580	GCF_016127955.1_ASM1612795v1_genomic.fna
43771	GCF_016127975.1_ASM1612797v1_genomic.fna
52773	GCF_016127995.1_ASM1612799v1_genomic.fna
529	GCF_016128015.1_ASM1612801v1_genomic.fna
511	GCF_016128035.1_ASM1612803v1_genomic.fna
1254	GCF_016128055.1_ASM1612805v1_genomic.fna
36808	GCF_016128075.1_ASM1612807v1_genomic.fna
1334	GCF_016128095.1_ASM1612809v1_genomic.fna
588	GCF_016128115.1_ASM1612811v1_genomic.fna
1334	GCF_016128135.1_ASM1612813v1_genomic.fna
1363	GCF_016128155.1_ASM1612815v1_genomic.fna
37923	GCF_016128175.1_ASM1612817v1_genomic.fna
311231	GCF_016128195.1_ASM1612819v1_genomic.fna
1255	GCF_016128215.1_ASM1612821v1_genomic.fna
564	GCF_016128235.1_ASM1612823v1_genomic.fna
1363	GCF_016128255.1_ASM1612825v1_genomic.fna
545	GCF_016128275.1_ASM1612827v1_genomic.fna
358	GCF_016403145.1_ASM1640314v1_genomic.fna
150055	GCF_016403165.1_ASM1640316v1_genomic.fna
61645	GCF_016403185.1_ASM1640318v1_genomic.fna
569	GCF_016403205.1_ASM1640320v1_genomic.fna
54005	GCF_016403225.1_ASM1640322v1_genomic.fna
1270	GCF_016403245.1_ASM1640324v1_genomic.fna
43771	GCF_016403265.1_ASM1640326v1_genomic.fna
43770	GCF_016403285.1_ASM1640328v1_genomic.fna
85698	GCF_016403305.1_ASM1640330v1_genomic.fna
283734	GCF_016403325.1_ASM1640332v1_genomic.fna
727	GCF_016535385.1_ASM1653538v1_genomic.fna
633	GCF_016535475.1_ASM1653547v1_genomic.fna
337	GCF_016598875.1_ASM1659887v1_genomic.fna
1979527	GCF_016599755.1_ASM1659975v1_genomic.fna
74829	GCF_016599775.1_ASM1659977v1_genomic.fna
45972	GCF_016599795.1_ASM1659979v1_genomic.fna
1287640	GCF_016599815.1_ASM1659981v1_genomic.fna
1756149	GCF_016599835.1_ASM1659983v1_genomic.fna
588	GCF_016623625.1_ASM1662362v1_genomic.fna
1290	GCF_016623665.1_ASM1662366v1_genomic.fna
817	GCF_016623685.1_ASM1662368v1_genomic.fna
70255	GCF_016724565.1_ASM1672456v1_genomic.fna
1281	GCF_016724665.1_ASM1672466v1_genomic.fna
285729	GCF_016724785.1_ASM1672478v1_genomic.fna
40545	GCF_016724805.1_ASM1672480v1_genomic.fna
1398	GCF_016724825.1_ASM1672482v1_genomic.fna
258	GCF_016724845.1_ASM1672484v1_genomic.fna
1407	GCF_016724865.1_ASM1672486v1_genomic.fna
1334	GCF_016724885.1_ASM1672488v1_genomic.fna
76860	GCF_016725005.1_ASM1672500v1_genomic.fna
150055	GCF_016725165.1_ASM1672516v1_genomic.fna
1328	GCF_016725185.1_ASM1672518v1_genomic.fna
45972	GCF_016725205.1_ASM1672520v1_genomic.fna
2051	GCF_016725225.1_ASM1672522v1_genomic.fna
71237	GCF_016725245.1_ASM1672524v1_genomic.fna
246432	GCF_016725265.1_ASM1672526v1_genomic.fna
45972	GCF_016725285.1_ASM1672528v1_genomic.fna
246432	GCF_016725305.1_ASM1672530v1_genomic.fna
258	GCF_016725325.1_ASM1672532v1_genomic.fna
28454	GCF_016725465.1_ASM1672546v1_genomic.fna
258	GCF_016725645.1_ASM1672564v1_genomic.fna
158836	GCF_016725825.1_ASM1672582v1_genomic.fna
28454	GCF_016725865.1_ASM1672586v1_genomic.fna
584	GCF_016725905.1_ASM1672590v1_genomic.fna
28454	GCF_016725925.1_ASM1672592v1_genomic.fna
40214	GCF_016725945.1_ASM1672594v1_genomic.fna
28454	GCF_016726045.1_ASM1672604v1_genomic.fna
108980	GCF_016726205.1_ASM1672620v1_genomic.fna
33889	GCF_016726245.1_ASM1672624v1_genomic.fna
201	GCF_016726265.1_ASM1672626v1_genomic.fna
621	GCF_016726285.1_ASM1672628v1_genomic.fna
47678	GCF_016726305.1_ASM1672630v1_genomic.fna
82996	GCF_016726325.1_ASM1672632v1_genomic.fna
108980	GCF_016726345.1_ASM1672634v1_genomic.fna
172042	GCF_016726365.1_ASM1672636v1_genomic.fna
54005	GCF_016726485.1_ASM1672648v1_genomic.fna
40214	GCF_016726625.1_ASM1672662v1_genomic.fna
1254	GCF_016726765.1_ASM1672676v1_genomic.fna
1255	GCF_016726885.1_ASM1672688v1_genomic.fna
34062	GCF_016726945.1_ASM1672694v1_genomic.fna
2051	GCF_016726965.1_ASM1672696v1_genomic.fna
256	GCF_016726985.1_ASM1672698v1_genomic.fna
256	GCF_016727005.1_ASM1672700v1_genomic.fna
1354	GCF_016727125.1_ASM1672712v1_genomic.fna
1354	GCF_016727265.1_ASM1672726v1_genomic.fna
37734	GCF_016727305.1_ASM1672730v1_genomic.fna
37734	GCF_016727325.1_ASM1672732v1_genomic.fna
37734	GCF_016727345.1_ASM1672734v1_genomic.fna
65058	GCF_016727365.1_ASM1672736v1_genomic.fna
1282	GCF_016727385.1_ASM1672738v1_genomic.fna
1396	GCF_016727405.1_ASM1672740v1_genomic.fna
573	GCF_016727425.1_ASM1672742v1_genomic.fna
582	GCF_016727445.1_ASM1672744v1_genomic.fna
1280	GCF_016727585.1_ASM1672758v1_genomic.fna
630	GCF_016727765.1_ASM1672776v1_genomic.fna
630	GCF_016727905.1_ASM1672790v1_genomic.fna
614	GCF_016728005.1_ASM1672800v1_genomic.fna
1639	GCF_016728025.1_ASM1672802v1_genomic.fna
300181	GCF_016728045.1_ASM1672804v1_genomic.fna
294	GCF_016728065.1_ASM1672806v1_genomic.fna
562	GCF_016728085.1_ASM1672808v1_genomic.fna
43770	GCF_016728105.1_ASM1672810v1_genomic.fna
43770	GCF_016728205.1_ASM1672820v1_genomic.fna
38304	GCF_016728365.1_ASM1672836v1_genomic.fna
156976	GCF_016728505.1_ASM1672850v1_genomic.fna
43769	GCF_016728625.1_ASM1672862v1_genomic.fna
39791	GCF_016728645.1_ASM1672864v1_genomic.fna
43769	GCF_016728665.1_ASM1672866v1_genomic.fna
169292	GCF_016728685.1_ASM1672868v1_genomic.fna
169292	GCF_016728705.1_ASM1672870v1_genomic.fna
43765	GCF_016728725.1_ASM1672872v1_genomic.fna
43765	GCF_016728745.1_ASM1672874v1_genomic.fna
2778077	GCF_016728765.1_ASM1672876v1_genomic.fna
1547	GCF_016728785.1_ASM1672878v1_genomic.fna
40214	GCF_016728805.1_ASM1672880v1_genomic.fna
85698	GCF_016728825.1_ASM1672882v1_genomic.fna
45972	GCF_016751935.1_ASM1675193v1_genomic.fna
1334	GCF_016766775.1_ASM1676677v1_genomic.fna
71237	GCF_016766795.1_ASM1676679v1_genomic.fna
1354	GCF_016766815.1_ASM1676681v1_genomic.fna
1274	GCF_016766835.1_ASM1676683v1_genomic.fna
1547	GCF_016766855.1_ASM1676685v1_genomic.fna
250	GCF_016766875.1_ASM1676687v1_genomic.fna
827	GCF_016766895.1_ASM1676689v1_genomic.fna
821	GCF_016766915.1_ASM1676691v1_genomic.fna
821	GCF_016766935.1_ASM1676693v1_genomic.fna
1258	GCF_016791605.1_ASM1679160v1_genomic.fna
34062	GCF_016791645.1_ASM1679164v1_genomic.fna
357276	GCF_016888505.1_ASM1688850v1_genomic.fna
818	GCF_016888545.1_ASM1688854v1_genomic.fna
823	GCF_016888565.1_ASM1688856v1_genomic.fna
470	GCF_016888585.1_ASM1688858v1_genomic.fna
45972	GCF_016888605.1_ASM1688860v1_genomic.fna
562	GCF_016888625.1_ASM1688862v1_genomic.fna
817	GCF_016888645.1_ASM1688864v1_genomic.fna
823	GCF_016888665.1_ASM1688866v1_genomic.fna
562	GCF_016888685.1_ASM1688868v1_genomic.fna
34062	GCF_016888885.1_ASM1688888v1_genomic.fna
823	GCF_016888905.1_ASM1688890v1_genomic.fna
562	GCF_016888925.1_ASM1688892v1_genomic.fna
387090	GCF_016888945.1_ASM1688894v1_genomic.fna
562	GCF_016888965.1_ASM1688896v1_genomic.fna
536	GCF_016888985.1_ASM1688898v1_genomic.fna
29347	GCF_016889005.1_ASM1688900v1_genomic.fna
562	GCF_016889025.1_ASM1688902v1_genomic.fna
562	GCF_016889045.1_ASM1688904v1_genomic.fna
544645	GCF_016889065.1_ASM1688906v1_genomic.fna
562	GCF_016889085.1_ASM1688908v1_genomic.fna
562	GCF_016889105.1_ASM1688910v1_genomic.fna
562	GCF_016889125.1_ASM1688912v1_genomic.fna
1280	GCF_016889145.1_ASM1688914v1_genomic.fna
1282	GCF_016889165.1_ASM1688916v1_genomic.fna
562	GCF_016889185.1_ASM1688918v1_genomic.fna
152500	GCF_016889205.1_ASM1688920v1_genomic.fna
39791	GCF_016889225.1_ASM1688922v1_genomic.fna
71237	GCF_016889245.1_ASM1688924v1_genomic.fna
562	GCF_016889265.1_ASM1688926v1_genomic.fna
1276	GCF_016889285.1_ASM1688928v1_genomic.fna
48296	GCF_016889305.1_ASM1688930v1_genomic.fna
562	GCF_016889325.1_ASM1688932v1_genomic.fna
48296	GCF_016889345.1_ASM1688934v1_genomic.fna
161879	GCF_016889365.1_ASM1688936v1_genomic.fna
735	GCF_016889385.1_ASM1688938v1_genomic.fna
161879	GCF_016889405.1_ASM1688940v1_genomic.fna
43765	GCF_016889425.1_ASM1688942v1_genomic.fna
43770	GCF_016889445.1_ASM1688944v1_genomic.fna
38290	GCF_016889465.1_ASM1688946v1_genomic.fna
562	GCF_016889605.1_ASM1688960v1_genomic.fna
562	GCF_016889625.1_ASM1688962v1_genomic.fna
28901	GCF_016889645.1_ASM1688964v1_genomic.fna
208479	GCF_016889665.1_ASM1688966v1_genomic.fna
562	GCF_016889685.1_ASM1688968v1_genomic.fna
2778070	GCF_016889705.1_ASM1688970v1_genomic.fna
562	GCF_016889725.1_ASM1688972v1_genomic.fna
47678	GCF_016889745.1_ASM1688974v1_genomic.fna
38301	GCF_016889765.1_ASM1688976v1_genomic.fna
39791	GCF_016889785.1_ASM1688978v1_genomic.fna
2778082	GCF_016889805.1_ASM1688980v1_genomic.fna
48296	GCF_016889825.1_ASM1688982v1_genomic.fna
562	GCF_016889845.1_ASM1688984v1_genomic.fna
562	GCF_016889865.1_ASM1688986v1_genomic.fna
76860	GCF_016889885.1_ASM1688988v1_genomic.fna
562	GCF_016889905.1_ASM1688990v1_genomic.fna
817	GCF_016889925.1_ASM1688992v1_genomic.fna
1280	GCF_016889945.1_ASM1688994v1_genomic.fna
70255	GCF_016889965.1_ASM1688996v1_genomic.fna
2778078	GCF_016889985.1_ASM1688998v1_genomic.fna
562	GCF_016890005.1_ASM1689000v1_genomic.fna
1281	GCF_016890025.1_ASM1689002v1_genomic.fna
562	GCF_016890045.1_ASM1689004v1_genomic.fna
48296	GCF_016890065.1_ASM1689006v1_genomic.fna
536	GCF_016890085.1_ASM1689008v1_genomic.fna
562	GCF_016890105.1_ASM1689010v1_genomic.fna
28116	GCF_016894185.1_ASM1689418v1_genomic.fna
28111	GCF_016894205.1_ASM1689420v1_genomic.fna
28454	GCF_016894225.1_ASM1689422v1_genomic.fna
161879	GCF_016894245.1_ASM1689424v1_genomic.fna
38304	GCF_016894265.1_ASM1689426v1_genomic.fna
520	GCF_016903095.1_ASM1690309v1_genomic.fna
573	GCF_016903115.1_ASM1690311v1_genomic.fna
470	GCF_016903135.1_ASM1690313v1_genomic.fna
573	GCF_016903155.1_ASM1690315v1_genomic.fna
520	GCF_016903175.1_ASM1690317v1_genomic.fna
573	GCF_016903195.1_ASM1690319v1_genomic.fna
470	GCF_016903215.1_ASM1690321v1_genomic.fna
573	GCF_016903235.1_ASM1690323v1_genomic.fna
573	GCF_016903255.1_ASM1690325v1_genomic.fna
562	GCF_016903275.1_ASM1690327v1_genomic.fna
573	GCF_016903295.1_ASM1690329v1_genomic.fna
562	GCF_016903315.1_ASM1690331v1_genomic.fna
562	GCF_016903335.1_ASM1690333v1_genomic.fna
1328	GCF_016903355.1_ASM1690335v1_genomic.fna
562	GCF_016903375.1_ASM1690337v1_genomic.fna
573	GCF_016903395.1_ASM1690339v1_genomic.fna
571	GCF_016903415.1_ASM1690341v1_genomic.fna
562	GCF_016903435.1_ASM1690343v1_genomic.fna
573	GCF_016903455.1_ASM1690345v1_genomic.fna
573	GCF_016903475.1_ASM1690347v1_genomic.fna
573	GCF_016903495.1_ASM1690349v1_genomic.fna
573	GCF_016903515.1_ASM1690351v1_genomic.fna
562	GCF_016903535.1_ASM1690353v1_genomic.fna
1282	GCF_016903555.1_ASM1690355v1_genomic.fna
1282	GCF_016903575.1_ASM1690357v1_genomic.fna
562	GCF_016903595.1_ASM1690359v1_genomic.fna
562	GCF_016903615.1_ASM1690361v1_genomic.fna
571	GCF_016903715.1_ASM1690371v1_genomic.fna
573	GCF_016903735.1_ASM1690373v1_genomic.fna
573	GCF_016903755.1_ASM1690375v1_genomic.fna
573	GCF_016903775.1_ASM1690377v1_genomic.fna
573	GCF_016903795.1_ASM1690379v1_genomic.fna
562	GCF_016903815.1_ASM1690381v1_genomic.fna
562	GCF_016903835.1_ASM1690383v1_genomic.fna
562	GCF_016903855.1_ASM1690385v1_genomic.fna
573	GCF_016903875.1_ASM1690387v1_genomic.fna
573	GCF_016903895.1_ASM1690389v1_genomic.fna
562	GCF_016903915.1_ASM1690391v1_genomic.fna
562	GCF_016903935.1_ASM1690393v1_genomic.fna
573	GCF_016903955.1_ASM1690395v1_genomic.fna
571	GCF_016903975.1_ASM1690397v1_genomic.fna
562	GCF_016903995.1_ASM1690399v1_genomic.fna
33038	GCF_016904015.1_ASM1690401v1_genomic.fna
573	GCF_016904035.1_ASM1690403v1_genomic.fna
562	GCF_016904055.1_ASM1690405v1_genomic.fna
562	GCF_016904075.1_ASM1690407v1_genomic.fna
573	GCF_016904095.1_ASM1690409v1_genomic.fna
562	GCF_016904115.1_ASM1690411v1_genomic.fna
1282	GCF_016904135.1_ASM1690413v1_genomic.fna
410072	GCF_016904155.1_ASM1690415v1_genomic.fna
562	GCF_016904175.1_ASM1690417v1_genomic.fna
562	GCF_016904195.1_ASM1690419v1_genomic.fna
520	GCF_016904215.1_ASM1690421v1_genomic.fna
562	GCF_016904235.1_ASM1690423v1_genomic.fna
562	GCF_016904255.1_ASM1690425v1_genomic.fna
573	GCF_016904275.1_ASM1690427v1_genomic.fna
573	GCF_016904295.1_ASM1690429v1_genomic.fna
573	GCF_016904315.1_ASM1690431v1_genomic.fna
562	GCF_016904335.1_ASM1690433v1_genomic.fna
520	GCF_016904355.1_ASM1690435v1_genomic.fna
520	GCF_016904375.1_ASM1690437v1_genomic.fna
562	GCF_016904395.1_ASM1690439v1_genomic.fna
573	GCF_016904415.1_ASM1690441v1_genomic.fna
562	GCF_016904435.1_ASM1690443v1_genomic.fna
562	GCF_016904455.1_ASM1690445v1_genomic.fna
562	GCF_016904475.1_ASM1690447v1_genomic.fna
562	GCF_016904495.1_ASM1690449v1_genomic.fna
571	GCF_016904515.1_ASM1690451v1_genomic.fna
562	GCF_016904535.1_ASM1690453v1_genomic.fna
562	GCF_016904555.1_ASM1690455v1_genomic.fna
562	GCF_016904575.1_ASM1690457v1_genomic.fna
573	GCF_016904595.1_ASM1690459v1_genomic.fna
562	GCF_016904615.1_ASM1690461v1_genomic.fna
573	GCF_016904635.1_ASM1690463v1_genomic.fna
562	GCF_016904655.1_ASM1690465v1_genomic.fna
84030	GCF_016906045.1_ASM1690604v1_genomic.fna
67351	GCF_016906185.1_ASM1690618v1_genomic.fna
67351	GCF_016906205.1_ASM1690620v1_genomic.fna
67351	GCF_016906225.1_ASM1690622v1_genomic.fna
67351	GCF_016906245.1_ASM1690624v1_genomic.fna
67351	GCF_016906265.1_ASM1690626v1_genomic.fna
571	GCF_016918825.1_ASM1691882v1_genomic.fna
2766470	GCF_016939455.1_ASM1693945v1_genomic.fna
471	GCF_016939475.1_ASM1693947v1_genomic.fna
562	GCF_016985455.1_ASM1698545v1_genomic.fna
1496	GCF_016985475.1_ASM1698547v1_genomic.fna
562	GCF_016985495.1_ASM1698549v1_genomic.fna
562	GCF_017081115.1_ASM1708111v1_genomic.fna
562	GCF_017081125.1_ASM1708112v1_genomic.fna
562	GCF_017081135.1_ASM1708113v1_genomic.fna
562	GCF_017081175.1_ASM1708117v1_genomic.fna
562	GCF_017081185.1_ASM1708118v1_genomic.fna
562	GCF_017081215.1_ASM1708121v1_genomic.fna
562	GCF_017081225.1_ASM1708122v1_genomic.fna
562	GCF_017081235.1_ASM1708123v1_genomic.fna
562	GCF_017081275.1_ASM1708127v1_genomic.fna
562	GCF_017081285.1_ASM1708128v1_genomic.fna
562	GCF_017081315.1_ASM1708131v1_genomic.fna
562	GCF_017081335.1_ASM1708133v1_genomic.fna
562	GCF_017081345.1_ASM1708134v1_genomic.fna
562	GCF_017081375.1_ASM1708137v1_genomic.fna
562	GCF_017081385.1_ASM1708138v1_genomic.fna
562	GCF_017136555.1_ASM1713655v1_genomic.fna
246787	GCF_017309805.1_ASM1730980v1_genomic.fna
881260	GCF_019046905.1_ASM1904690v1_genomic.fna
2778051	GCF_019046925.1_ASM1904692v1_genomic.fna
1302	GCF_019046945.1_ASM1904694v1_genomic.fna
48296	GCF_019046965.1_ASM1904696v1_genomic.fna
2778066	GCF_019046985.1_ASM1904698v1_genomic.fna
299767	GCF_019047005.1_ASM1904700v1_genomic.fna
1812935	GCF_019047025.1_ASM1904702v1_genomic.fna
2778068	GCF_019047045.1_ASM1904704v1_genomic.fna
2778063	GCF_019047065.1_ASM1904706v1_genomic.fna
2778053	GCF_019047085.1_ASM1904708v1_genomic.fna
550	GCF_019047105.1_ASM1904710v1_genomic.fna
2778060	GCF_019047125.1_ASM1904712v1_genomic.fna
562	GCF_019047145.1_ASM1904714v1_genomic.fna
562	GCF_019047165.1_ASM1904716v1_genomic.fna
48296	GCF_019047185.1_ASM1904718v1_genomic.fna
48296	GCF_019047205.1_ASM1904720v1_genomic.fna
2778052	GCF_019047325.1_ASM1904732v1_genomic.fna
61646	GCF_019047465.1_ASM1904746v1_genomic.fna
1302	GCF_019047505.1_ASM1904750v1_genomic.fna
564	GCF_019047545.1_ASM1904754v1_genomic.fna
562	GCF_019047645.1_ASM1904764v1_genomic.fna
562	GCF_019047725.1_ASM1904772v1_genomic.fna
562	GCF_019047745.1_ASM1904774v1_genomic.fna
1563222	GCF_019047765.1_ASM1904776v1_genomic.fna
69218	GCF_019047785.1_ASM1904778v1_genomic.fna
134034	GCF_019047805.1_ASM1904780v1_genomic.fna
28037	GCF_019047825.1_ASM1904782v1_genomic.fna
587	GCF_019047885.1_ASM1904788v1_genomic.fna
562	GCF_019047905.1_ASM1904790v1_genomic.fna
548	GCF_019047925.1_ASM1904792v1_genomic.fna
158836	GCF_019047945.1_ASM1904794v1_genomic.fna
562	GCF_019047965.1_ASM1904796v1_genomic.fna
1463165	GCF_019047985.1_ASM1904798v1_genomic.fna
562	GCF_019048005.1_ASM1904800v1_genomic.fna
1283	GCF_019048025.1_ASM1904802v1_genomic.fna
57706	GCF_019048045.1_ASM1904804v1_genomic.fna
67824	GCF_019048065.1_ASM1904806v1_genomic.fna
2778065	GCF_019048085.1_ASM1904808v1_genomic.fna
587	GCF_019048105.1_ASM1904810v1_genomic.fna
548	GCF_019048125.1_ASM1904812v1_genomic.fna
562	GCF_019048145.1_ASM1904814v1_genomic.fna
53374	GCF_019048165.1_ASM1904816v1_genomic.fna
61646	GCF_019048185.1_ASM1904818v1_genomic.fna
48296	GCF_019048225.1_ASM1904822v1_genomic.fna
158836	GCF_019048245.1_ASM1904824v1_genomic.fna
2778054	GCF_019048265.1_ASM1904826v1_genomic.fna
562	GCF_019048285.1_ASM1904828v1_genomic.fna
28090	GCF_019048305.1_ASM1904830v1_genomic.fna
53345	GCF_019048325.1_ASM1904832v1_genomic.fna
562	GCF_019048345.1_ASM1904834v1_genomic.fna
2778064	GCF_019048365.1_ASM1904836v1_genomic.fna
549	GCF_019048385.1_ASM1904838v1_genomic.fna
1530123	GCF_019048405.1_ASM1904840v1_genomic.fna
562	GCF_019048425.1_ASM1904842v1_genomic.fna
562	GCF_019048445.1_ASM1904844v1_genomic.fna
43674	GCF_019048465.1_ASM1904846v1_genomic.fna
61645	GCF_019048485.1_ASM1904848v1_genomic.fna
562	GCF_019048505.1_ASM1904850v1_genomic.fna
28090	GCF_019048525.1_ASM1904852v1_genomic.fna
587	GCF_019048545.1_ASM1904854v1_genomic.fna
2778055	GCF_019048565.1_ASM1904856v1_genomic.fna
2778067	GCF_019048585.1_ASM1904858v1_genomic.fna
562	GCF_019048605.1_ASM1904860v1_genomic.fna
158836	GCF_019048625.1_ASM1904862v1_genomic.fna
1309	GCF_019048645.1_ASM1904864v1_genomic.fna
2778057	GCF_019048665.1_ASM1904866v1_genomic.fna
106654	GCF_019048685.1_ASM1904868v1_genomic.fna
2778058	GCF_019048705.1_ASM1904870v1_genomic.fna
2778056	GCF_019048725.1_ASM1904872v1_genomic.fna
2778059	GCF_019048745.1_ASM1904874v1_genomic.fna
57706	GCF_019048805.1_ASM1904880v1_genomic.fna
562	GCF_019056115.1_ASM1905611v1_genomic.fna
585	GCF_019344855.1_ASM1934485v1_genomic.fna
1309	GCF_019344865.1_ASM1934486v1_genomic.fna
569	GCF_019344895.1_ASM1934489v1_genomic.fna
2856338	GCF_019344915.1_ASM1934491v1_genomic.fna
61646	GCF_019355955.1_ASM1935595v1_genomic.fna
465797	GCF_019355975.1_ASM1935597v1_genomic.fna
29430	GCF_019355995.1_ASM1935599v1_genomic.fna
562	GCF_019397165.1_ASM1939716v1_genomic.fna
562	GCF_019397185.1_ASM1939718v1_genomic.fna
28133	GCF_019930605.1_ASM1993060v1_genomic.fna
1824	GCF_019930625.1_ASM1993062v1_genomic.fna
2054	GCF_019930645.1_ASM1993064v1_genomic.fna
291645	GCF_019930665.1_ASM1993066v1_genomic.fna
450	GCF_019930685.1_ASM1993068v1_genomic.fna
727	GCF_019930705.1_ASM1993070v1_genomic.fna
1018	GCF_019930725.1_ASM1993072v1_genomic.fna
1772	GCF_019930745.1_ASM1993074v1_genomic.fna
446	GCF_019930765.1_ASM1993076v1_genomic.fna
152500	GCF_019930785.1_ASM1993078v1_genomic.fna
446	GCF_019930805.1_ASM1993080v1_genomic.fna
29489	GCF_019930825.1_ASM1993082v1_genomic.fna
539	GCF_019930845.1_ASM1993084v1_genomic.fna
195	GCF_019930865.1_ASM1993086v1_genomic.fna
28082	GCF_019930885.1_ASM1993088v1_genomic.fna
197575	GCF_019930905.1_ASM1993090v1_genomic.fna
38323	GCF_019930925.1_ASM1993092v1_genomic.fna
76517	GCF_019930945.1_ASM1993094v1_genomic.fna
299767	GCF_019930965.1_ASM1993096v1_genomic.fna
195	GCF_019930985.1_ASM1993098v1_genomic.fna
46124	GCF_019931005.1_ASM1993100v1_genomic.fna
1496	GCF_019931025.1_ASM1993102v1_genomic.fna
82633	GCF_019931045.1_ASM1993104v1_genomic.fna
636	GCF_019933175.1_ASM1993317v1_genomic.fna
1509	GCF_019933195.1_ASM1993319v1_genomic.fna
1509	GCF_019933215.1_ASM1993321v1_genomic.fna
411577	GCF_019957155.1_ASM1995715v1_genomic.fna
1313	GCF_900618125.1_NCTC11032_genomic.fna
1391	GCF_012844185.1_ASM1284418v1_genomic.fna
1769	GCF_003253775.1_ASM325377v1_genomic.fna
1775	GCF_010727945.1_ASM1072794v1_genomic.fna
1777	GCF_002102175.1_ASM210217v1_genomic.fna
1778	GCF_002101675.1_ASM210167v1_genomic.fna
1780	GCF_002086305.1_ASM208630v1_genomic.fna
1781	GCF_016745295.1_ASM1674529v1_genomic.fna
1783	GCF_002086735.1_ASM208673v1_genomic.fna
1787	GCF_002116635.1_ASM211663v1_genomic.fna
1789	GCF_900453395.1_53750_B01_genomic.fna
1801	GCF_001907655.1_ASM190765v1_genomic.fna
28045	GCF_002742165.1_ASM274216v1_genomic.fna
29313	GCF_900417275.1_PRJEB26812_genomic.fna
39689	GCF_010726765.1_ASM1072676v1_genomic.fna
39693	GCF_900289185.1_PRJEB24917_genomic.fna
43348	GCF_010728725.1_ASM1072872v1_genomic.fna
44010	GCF_010730195.1_ASM1073019v1_genomic.fna
49897	GCF_006864685.1_ASM686468v1_genomic.fna
53378	GCF_001907675.1_ASM190767v1_genomic.fna
56425	GCF_002102025.1_ASM210202v1_genomic.fna
851	GCF_001457555.1_NCTC10562_genomic.fna
84962	GCF_010723305.1_ASM1072330v1_genomic.fna
110505	GCF_016861545.1_ASM1686154v1_genomic.fna
117567	GCF_012223425.1_ASM1222342v1_genomic.fna
133549	GCF_010728525.1_ASM1072852v1_genomic.fna
134601	GCF_001187505.1_ASM118750v1_genomic.fna
152142	GCF_001722355.1_ASM172235v1_genomic.fna
169765	GCF_010731535.1_ASM1073153v1_genomic.fna
242737	GCF_002591975.1_ASM259197v1_genomic.fna
244292	GCF_001021495.1_ASM102149v1_genomic.fna
324058	GCF_002086635.1_ASM208663v1_genomic.fna
386911	GCF_010731595.1_ASM1073159v1_genomic.fna
398694	GCF_010730055.1_ASM1073005v1_genomic.fna
459858	GCF_010731635.1_ASM1073163v1_genomic.fna
470074	GCF_002086155.1_ASM208615v1_genomic.fna
480418	GCF_000966355.1_ASM96635v1_genomic.fna
482462	GCF_002157835.1_ASM215783v1_genomic.fna
486698	GCF_905219535.1_MR226_genomic.fna
487514	GCF_001439515.1_ASM143951v1_genomic.fna
512402	GCF_001673105.1_ASM167310v1_genomic.fna
547163	GCF_002104765.1_ASM210476v1_genomic.fna
1768	GCF_000157895.3_ASM15789v2_genomic.fna
590652	GCF_010731655.1_ASM1073165v1_genomic.fna
627089	GCF_900232995.1_PRJEB22891_genomic.fna
1069220	GCF_001722415.1_ASM172241v1_genomic.fna
265949	GCF_003584745.1_ASM358474v1_genomic.fna
29311	GCF_000340435.2_ASM34043v3_genomic.fna
1260918	GCF_002102185.1_ASM210218v1_genomic.fna
1790	GCF_000613245.1_PRJEB5743_assembly_1_genomic.fna
1273442	GCF_010723575.1_ASM1072357v1_genomic.fna
1389713	GCF_003614435.1_ASM361443v1_genomic.fna
1430326	GCF_002104675.1_ASM210467v1_genomic.fna
1487726	GCF_002705835.1_ASM270583v1_genomic.fna
1552759	GCF_008329645.1_ASM832964v1_genomic.fna
1795032	GCF_002967035.1_ASM296703v1_genomic.fna
1841859	GCF_900157385.1_PRJEB19184_genomic.fna
1841860	GCF_900157375.1_PRJEB19165_genomic.fna
1841861	GCF_900157365.1_PRJEB19151_genomic.fna
1858794	GCF_001854525.1_ASM185452v1_genomic.fna
1908205	GCF_001942625.1_ASM194262v1_genomic.fna
1927124	GCF_002086485.1_ASM208648v1_genomic.fna
2034511	GCF_002592005.1_ASM259200v1_genomic.fna
2048550	GCF_001499925.1_ASM149992v1_genomic.fna
2048551	GCF_002245615.1_ASM224561v1_genomic.fna
2094119	GCF_900292015.1_MB901379_genomic.fna
2162698	GCF_003408705.1_ASM340870v1_genomic.fna
2212479	GCF_003254575.1_ASM325457v1_genomic.fna
2341080	GCF_900566075.1_MK142_genomic.fna
2341083	GCF_900566055.1_LAUMK13_genomic.fna
2341086	GCF_900566065.1_LAUMK136_genomic.fna
2492438	GCF_010726505.1_ASM1072650v1_genomic.fna
2592811	GCF_007714185.1_ASM771418v1_genomic.fna
2738409	GCF_001632895.1_Mkan_typeIV_1.0_genomic.fna
4909	GCF_003054445.1_ASM305444v1_genomic.fna
4956	GCF_000026365.1_ASM2636v1_genomic.fna
5478	GCF_000002545.3_ASM254v2_genomic.fna
162425	GCF_000149205.2_ASM14920v2_genomic.fna
4929	GCF_000149425.1_ASM14942v1_genomic.fna
5482	GCF_000006335.3_ASM633v3_genomic.fna
746128	GCF_000002655.1_ASM265v1_genomic.fna
5059	GCF_014117465.1_ASM1411746v1_genomic.fna
33178	GCF_000149615.1_ASM14961v1_genomic.fna
5057	GCF_000002715.2_ASM271v1_genomic.fna
42374	GCF_000026945.1_ASM2694v1_genomic.fna
4911	GCF_001417885.1_Kmar_1.0_genomic.fna
46472	GCF_001890125.1_Aspve1_genomic.fna
41413	GCF_001890805.1_Aspgl1_genomic.fna
58291	GCF_002708625.1_Rhimi1_1_genomic.fna
42068	GCF_001477535.1_Pneu_jiro_RU7_V2_genomic.fna
1809	GCF_900638745.1_SGL03_genomic.fna
78535	GCF_900636365.1_41559_G01_genomic.fna
1809	GCF_000013925.1_ASM1392v2_genomic.fna
261524	GCF_000026445.2_ASM2644v2_genomic.fna
886343	GCF_018278905.1_ASM1827890v1_genomic.fna
1809	GCF_002355775.1_ASM235577v1_genomic.fna
1719132	GCF_013466425.1_ASM1346642v1_genomic.fna
936053	GCA_000149305.1_RO3_genomic.fna
713888	GCA_000587855.1_B50_genomic.fna
4839	GCA_000611695.1_RhzM_1.0_genomic.fna
708070	GCA_000696895.1_MucVelB5328-1.0_genomic.fna
679948	GCA_000696975.1_ApoTraB9324-1.0_genomic.fna
90269	GCA_000696995.1_ApoEleB7760-1.0_genomic.fna
4846	GCA_000697035.1_RhiStoB9770-1.0_genomic.fna
64495	GCA_000697195.1_MucRam97-1192-1.0_genomic.fna
4841	GCA_000697255.1_MucRacB9645-1.0_genomic.fna
64623	GCA_000697295.1_MucIndB7402-1.0_genomic.fna
91626	GCA_000950595.1_ASM95059v1_genomic.fna
36080	GCA_001599575.1_JCM_22480_assembly_v001_genomic.fna
90262	GCA_002105175.1_Absrep1_genomic.fna
760013	GCA_002749535.1_ASM274953v1_genomic.fna
86630	GCA_003325435.1_Razy_CA_genomic.fna
29924	GCA_010203745.1_Muccir1_3_genomic.fna
679940	GCA_014839865.1_ASM1483986v1_genomic.fna
97098	GCA_016758945.1_ASM1675894v1_genomic.fna
2054153	GCA_016758965.1_ASM1675896v1_genomic.fna
64648	GCA_016758985.1_ASM1675898v1_genomic.fna
370524	GCA_019456675.1_ASM1945667v1_genomic.fna
1796	GCA_019645875.1_ASM1964587v1_genomic.fna
4829	GCA_900079185.1_AG_v1_genomic.fna
4840	GCA_900175165.2_FCH_5_7_genomic.fna
